{
    "swagger": "2.0",
    "info": {
        "title": "Aftersales API",
        "contact": {},
        "version": "1.0"
    },
    "paths": {
        "/api/master/item/get-lookup": {
            "get": {
                "description": "REST API Item",
                "consumes": [
                    "application/json"
                ],
                "produces": [
                    "application/json"
                ],
                "tags": [
                    "Item"
                ],
                "summary": "Get Item By Lookup",
                "parameters": [
                    {
                        "type": "string",
                        "description": "Limit",
                        "name": "limit",
                        "in": "query",
                        "required": true
                    },
                    {
                        "type": "string",
                        "description": "Page",
                        "name": "page",
                        "in": "query",
                        "required": true
                    },
                    {
                        "type": "string",
                        "description": "sort_of",
                        "name": "sort_of",
                        "in": "query"
                    },
                    {
                        "type": "string",
                        "description": "sort_by",
                        "name": "sort_by",
                        "in": "query"
                    }
                ],
                "responses": {
                    "200": {
                        "description": "OK",
                        "schema": {
                            "$ref": "#/definitions/payloads.Response"
                        }
                    },
                    "400": {
                        "description": "Bad Request",
                        "schema": {
                            "$ref": "#/definitions/exceptions.Error"
                        }
                    },
                    "401": {
                        "description": "Unauthorized",
                        "schema": {
                            "$ref": "#/definitions/exceptions.Error"
                        }
                    },
                    "403": {
                        "description": "Forbidden",
                        "schema": {
                            "$ref": "#/definitions/exceptions.Error"
                        }
                    },
                    "404": {
                        "description": "Not Found",
                        "schema": {
                            "$ref": "#/definitions/exceptions.Error"
                        }
                    },
                    "422": {
                        "description": "Unprocessable Entity",
                        "schema": {
                            "$ref": "#/definitions/exceptions.Error"
                        }
                    },
                    "500": {
                        "description": "Internal Server Error",
                        "schema": {
                            "$ref": "#/definitions/exceptions.Error"
                        }
                    }
                }
            }
        },
        "/api/master/item/{item_code}": {
            "get": {
                "description": "REST API Item",
                "consumes": [
                    "application/json"
                ],
                "produces": [
                    "application/json"
                ],
                "tags": [
                    "Item"
                ],
                "summary": "Get Item By code",
                "parameters": [
                    {
                        "type": "string",
                        "description": "item_code",
                        "name": "item_code",
                        "in": "path",
                        "required": true
                    }
                ],
                "responses": {
                    "200": {
                        "description": "OK",
                        "schema": {
                            "$ref": "#/definitions/payloads.Response"
                        }
                    },
                    "400": {
                        "description": "Bad Request",
                        "schema": {
                            "$ref": "#/definitions/exceptions.Error"
                        }
                    },
                    "401": {
                        "description": "Unauthorized",
                        "schema": {
                            "$ref": "#/definitions/exceptions.Error"
                        }
                    },
                    "403": {
                        "description": "Forbidden",
                        "schema": {
                            "$ref": "#/definitions/exceptions.Error"
                        }
                    },
                    "404": {
                        "description": "Not Found",
                        "schema": {
                            "$ref": "#/definitions/exceptions.Error"
                        }
                    },
                    "422": {
                        "description": "Unprocessable Entity",
                        "schema": {
                            "$ref": "#/definitions/exceptions.Error"
                        }
                    },
                    "500": {
                        "description": "Internal Server Error",
                        "schema": {
                            "$ref": "#/definitions/exceptions.Error"
                        }
                    }
                }
            }
        },
        "/api/master/operation-code/{operation_id}": {
            "get": {
                "description": "REST API Operation Code",
                "consumes": [
                    "application/json"
                ],
                "produces": [
                    "application/json"
                ],
                "tags": [
                    "Operation Code"
                ],
                "summary": "Get Operation Code By ID",
                "parameters": [
                    {
                        "type": "string",
                        "description": "operation_id",
                        "name": "operation_id",
                        "in": "path",
                        "required": true
                    }
                ],
                "responses": {
                    "200": {
                        "description": "OK",
                        "schema": {
                            "$ref": "#/definitions/payloads.Response"
                        }
                    },
                    "400": {
                        "description": "Bad Request",
                        "schema": {
                            "$ref": "#/definitions/exceptions.Error"
                        }
                    },
                    "401": {
                        "description": "Unauthorized",
                        "schema": {
                            "$ref": "#/definitions/exceptions.Error"
                        }
                    },
                    "403": {
                        "description": "Forbidden",
                        "schema": {
                            "$ref": "#/definitions/exceptions.Error"
                        }
                    },
                    "404": {
                        "description": "Not Found",
                        "schema": {
                            "$ref": "#/definitions/exceptions.Error"
                        }
                    },
                    "422": {
                        "description": "Unprocessable Entity",
                        "schema": {
                            "$ref": "#/definitions/exceptions.Error"
                        }
                    },
                    "500": {
                        "description": "Internal Server Error",
                        "schema": {
                            "$ref": "#/definitions/exceptions.Error"
                        }
                    }
                }
            }
        },
        "/api/master/operation-entries/{operation_entries_id}": {
            "get": {
                "description": "REST API Operation Entries",
                "consumes": [
                    "application/json"
                ],
                "produces": [
                    "application/json"
                ],
                "tags": [
                    "Operation Entries"
                ],
                "summary": "Get Operation Entries By ID",
                "parameters": [
                    {
                        "type": "string",
                        "description": "operation_entries_id",
                        "name": "operation_entries_id",
                        "in": "path",
                        "required": true
                    }
                ],
                "responses": {
                    "200": {
                        "description": "OK",
                        "schema": {
                            "$ref": "#/definitions/payloads.Response"
                        }
                    },
                    "400": {
                        "description": "Bad Request",
                        "schema": {
                            "$ref": "#/definitions/exceptions.Error"
                        }
                    },
                    "401": {
                        "description": "Unauthorized",
                        "schema": {
                            "$ref": "#/definitions/exceptions.Error"
                        }
                    },
                    "403": {
                        "description": "Forbidden",
                        "schema": {
                            "$ref": "#/definitions/exceptions.Error"
                        }
                    },
                    "404": {
                        "description": "Not Found",
                        "schema": {
                            "$ref": "#/definitions/exceptions.Error"
                        }
                    },
                    "422": {
                        "description": "Unprocessable Entity",
                        "schema": {
                            "$ref": "#/definitions/exceptions.Error"
                        }
                    },
                    "500": {
                        "description": "Internal Server Error",
                        "schema": {
                            "$ref": "#/definitions/exceptions.Error"
                        }
                    }
                }
            }
        },
        "/api/master/operation-group": {
            "get": {
                "description": "REST API Operation Group",
                "consumes": [
                    "application/json"
                ],
                "produces": [
                    "application/json"
                ],
                "tags": [
                    "Operation Group"
                ],
                "summary": "Get All Operation Group",
                "parameters": [
                    {
                        "type": "string",
                        "description": "Limit",
                        "name": "limit",
                        "in": "query",
                        "required": true
                    },
                    {
                        "type": "string",
                        "description": "Page",
                        "name": "page",
                        "in": "query",
                        "required": true
                    },
                    {
                        "type": "string",
                        "description": "operation_group_code",
                        "name": "operation_group_code",
                        "in": "query"
                    },
                    {
                        "type": "string",
                        "description": "operation_group_description",
                        "name": "operation_group_description",
                        "in": "query"
                    },
                    {
                        "enum": [
                            "true",
                            "false"
                        ],
                        "type": "string",
                        "description": "is_active",
                        "name": "is_active",
                        "in": "query"
                    },
                    {
                        "type": "string",
                        "description": "sort_of",
                        "name": "sort_of",
                        "in": "query"
                    },
                    {
                        "type": "string",
                        "description": "sort_by",
                        "name": "sort_by",
                        "in": "query"
                    }
                ],
                "responses": {
                    "200": {
                        "description": "OK",
                        "schema": {
                            "$ref": "#/definitions/payloads.Response"
                        }
                    },
                    "400": {
                        "description": "Bad Request",
                        "schema": {
                            "$ref": "#/definitions/exceptions.Error"
                        }
                    },
                    "401": {
                        "description": "Unauthorized",
                        "schema": {
                            "$ref": "#/definitions/exceptions.Error"
                        }
                    },
                    "403": {
                        "description": "Forbidden",
                        "schema": {
                            "$ref": "#/definitions/exceptions.Error"
                        }
                    },
                    "404": {
                        "description": "Not Found",
                        "schema": {
                            "$ref": "#/definitions/exceptions.Error"
                        }
                    },
                    "422": {
                        "description": "Unprocessable Entity",
                        "schema": {
                            "$ref": "#/definitions/exceptions.Error"
                        }
                    },
                    "500": {
                        "description": "Internal Server Error",
                        "schema": {
                            "$ref": "#/definitions/exceptions.Error"
                        }
                    }
                }
            }
        },
        "/api/master/operation-group/": {
            "post": {
                "description": "REST API Operation Group",
                "consumes": [
                    "application/json"
                ],
                "produces": [
                    "application/json"
                ],
                "tags": [
                    "Operation Group"
                ],
                "summary": "Save Operation Group",
                "parameters": [
                    {
                        "description": "Form Request",
                        "name": "reqBody",
                        "in": "body",
                        "required": true,
                        "schema": {
                            "$ref": "#/definitions/masterpayloads.OperationGroupHeader"
                        }
                    }
                ],
                "responses": {
                    "200": {
                        "description": "OK",
                        "schema": {
                            "$ref": "#/definitions/payloads.Response"
                        }
                    },
                    "400": {
                        "description": "Bad Request",
                        "schema": {
                            "$ref": "#/definitions/exceptions.Error"
                        }
                    },
                    "401": {
                        "description": "Unauthorized",
                        "schema": {
                            "$ref": "#/definitions/exceptions.Error"
                        }
                    },
                    "403": {
                        "description": "Forbidden",
                        "schema": {
                            "$ref": "#/definitions/exceptions.Error"
                        }
                    },
                    "404": {
                        "description": "Not Found",
                        "schema": {
                            "$ref": "#/definitions/exceptions.Error"
                        }
                    },
                    "422": {
                        "description": "Unprocessable Entity",
                        "schema": {
                            "$ref": "#/definitions/exceptions.Error"
                        }
                    },
                    "500": {
                        "description": "Internal Server Error",
                        "schema": {
                            "$ref": "#/definitions/exceptions.Error"
                        }
                    }
                }
            }
        },
        "/api/master/operation-group/drop-down": {
            "get": {
                "description": "REST API Operation Group",
                "consumes": [
                    "application/json"
                ],
                "produces": [
                    "application/json"
                ],
                "tags": [
                    "Operation Group"
                ],
                "summary": "Get All Operation Group Is Active",
                "responses": {
                    "200": {
                        "description": "OK",
                        "schema": {
                            "$ref": "#/definitions/payloads.Response"
                        }
                    },
                    "400": {
                        "description": "Bad Request",
                        "schema": {
                            "$ref": "#/definitions/exceptions.Error"
                        }
                    },
                    "401": {
                        "description": "Unauthorized",
                        "schema": {
                            "$ref": "#/definitions/exceptions.Error"
                        }
                    },
                    "403": {
                        "description": "Forbidden",
                        "schema": {
                            "$ref": "#/definitions/exceptions.Error"
                        }
                    },
                    "404": {
                        "description": "Not Found",
                        "schema": {
                            "$ref": "#/definitions/exceptions.Error"
                        }
                    },
                    "422": {
                        "description": "Unprocessable Entity",
                        "schema": {
                            "$ref": "#/definitions/exceptions.Error"
                        }
                    },
                    "500": {
                        "description": "Internal Server Error",
                        "schema": {
                            "$ref": "#/definitions/exceptions.Error"
                        }
                    }
                }
            }
        },
        "/api/master/operation-group/{operation_group_code}": {
            "get": {
                "description": "REST API Operation Group",
                "consumes": [
                    "application/json"
                ],
                "produces": [
                    "application/json"
                ],
                "tags": [
                    "Operation Group"
                ],
                "summary": "Get Operation Group By Code",
                "parameters": [
                    {
                        "type": "string",
                        "description": "operation_group_code",
                        "name": "operation_group_id",
                        "in": "path",
                        "required": true
                    }
                ],
                "responses": {
                    "200": {
                        "description": "OK",
                        "schema": {
                            "$ref": "#/definitions/payloads.Response"
                        }
                    },
                    "400": {
                        "description": "Bad Request",
                        "schema": {
                            "$ref": "#/definitions/exceptions.Error"
                        }
                    },
                    "401": {
                        "description": "Unauthorized",
                        "schema": {
                            "$ref": "#/definitions/exceptions.Error"
                        }
                    },
                    "403": {
                        "description": "Forbidden",
                        "schema": {
                            "$ref": "#/definitions/exceptions.Error"
                        }
                    },
                    "404": {
                        "description": "Not Found",
                        "schema": {
                            "$ref": "#/definitions/exceptions.Error"
                        }
                    },
                    "422": {
                        "description": "Unprocessable Entity",
                        "schema": {
                            "$ref": "#/definitions/exceptions.Error"
                        }
                    },
                    "500": {
                        "description": "Internal Server Error",
                        "schema": {
                            "$ref": "#/definitions/exceptions.Error"
                        }
                    }
                }
            }
        },
        "/api/master/operation-group/{operation_group_id}": {
            "patch": {
                "description": "REST API Operation Group",
                "consumes": [
                    "application/json"
                ],
                "produces": [
                    "application/json"
                ],
                "tags": [
                    "Operation Group"
                ],
                "summary": "Change Status Operation Group",
                "parameters": [
                    {
                        "type": "string",
                        "description": "operation_group_id",
                        "name": "operation_group_id",
                        "in": "path",
                        "required": true
                    }
                ],
                "responses": {
                    "200": {
                        "description": "OK",
                        "schema": {
                            "$ref": "#/definitions/payloads.Response"
                        }
                    },
                    "400": {
                        "description": "Bad Request",
                        "schema": {
                            "$ref": "#/definitions/exceptions.Error"
                        }
                    },
                    "401": {
                        "description": "Unauthorized",
                        "schema": {
                            "$ref": "#/definitions/exceptions.Error"
                        }
                    },
                    "403": {
                        "description": "Forbidden",
                        "schema": {
                            "$ref": "#/definitions/exceptions.Error"
                        }
                    },
                    "404": {
                        "description": "Not Found",
                        "schema": {
                            "$ref": "#/definitions/exceptions.Error"
                        }
                    },
                    "422": {
                        "description": "Unprocessable Entity",
                        "schema": {
                            "$ref": "#/definitions/exceptions.Error"
                        }
                    },
                    "500": {
                        "description": "Internal Server Error",
                        "schema": {
                            "$ref": "#/definitions/exceptions.Error"
                        }
                    }
                }
            }
        },
        "/api/master/operation-key/{operation_key_id}": {
            "get": {
                "description": "REST API Operation Key",
                "consumes": [
                    "application/json"
                ],
                "produces": [
                    "application/json"
                ],
                "tags": [
                    "Operation Key"
                ],
                "summary": "Get Operation Key By ID",
                "parameters": [
                    {
                        "type": "string",
                        "description": "operation_key_id",
                        "name": "operation_key_id",
                        "in": "path",
                        "required": true
                    }
                ],
                "responses": {
                    "200": {
                        "description": "OK",
                        "schema": {
                            "$ref": "#/definitions/payloads.Response"
                        }
                    },
                    "400": {
                        "description": "Bad Request",
                        "schema": {
                            "$ref": "#/definitions/exceptions.Error"
                        }
                    },
                    "401": {
                        "description": "Unauthorized",
                        "schema": {
                            "$ref": "#/definitions/exceptions.Error"
                        }
                    },
                    "403": {
                        "description": "Forbidden",
                        "schema": {
                            "$ref": "#/definitions/exceptions.Error"
                        }
                    },
                    "404": {
                        "description": "Not Found",
                        "schema": {
                            "$ref": "#/definitions/exceptions.Error"
                        }
                    },
                    "422": {
                        "description": "Unprocessable Entity",
                        "schema": {
                            "$ref": "#/definitions/exceptions.Error"
                        }
                    },
                    "500": {
                        "description": "Internal Server Error",
                        "schema": {
                            "$ref": "#/definitions/exceptions.Error"
                        }
                    }
                }
            }
        },
        "/api/master/operation-model-mapping/{operation_model_mapping_id}": {
            "get": {
                "description": "REST API Operation Model Mapping",
                "consumes": [
                    "application/json"
                ],
                "produces": [
                    "application/json"
                ],
                "tags": [
                    "Operation Model Mapping"
                ],
                "summary": "Get Operation Model Mapping By ID",
                "parameters": [
                    {
                        "type": "string",
                        "description": "operation_model_mapping_id",
                        "name": "operation_model_mapping_id",
                        "in": "path",
                        "required": true
                    }
                ],
                "responses": {
                    "200": {
                        "description": "OK",
                        "schema": {
                            "$ref": "#/definitions/payloads.Response"
                        }
                    },
                    "400": {
                        "description": "Bad Request",
                        "schema": {
                            "$ref": "#/definitions/exceptions.Error"
                        }
                    },
                    "401": {
                        "description": "Unauthorized",
                        "schema": {
                            "$ref": "#/definitions/exceptions.Error"
                        }
                    },
                    "403": {
                        "description": "Forbidden",
                        "schema": {
                            "$ref": "#/definitions/exceptions.Error"
                        }
                    },
                    "404": {
                        "description": "Not Found",
                        "schema": {
                            "$ref": "#/definitions/exceptions.Error"
                        }
                    },
                    "422": {
                        "description": "Unprocessable Entity",
                        "schema": {
                            "$ref": "#/definitions/exceptions.Error"
                        }
                    },
                    "500": {
                        "description": "Internal Server Error",
                        "schema": {
                            "$ref": "#/definitions/exceptions.Error"
                        }
                    }
                }
            }
        },
        "/api/master/operation-section": {
            "get": {
                "description": "REST API Operation Section",
                "consumes": [
                    "application/json"
                ],
                "produces": [
                    "application/json"
                ],
                "tags": [
                    "Operation Section"
                ],
                "summary": "Get All Operation Section",
                "parameters": [
                    {
                        "type": "string",
                        "description": "Limit",
                        "name": "limit",
                        "in": "query",
                        "required": true
                    },
                    {
                        "type": "string",
                        "description": "Page",
                        "name": "page",
                        "in": "query",
                        "required": true
                    },
                    {
                        "type": "string",
                        "description": "operation_section_code",
                        "name": "operation_section_code",
                        "in": "query"
                    },
                    {
                        "type": "string",
                        "description": "operation_section_description",
                        "name": "operation_section_description",
                        "in": "query"
                    },
                    {
                        "type": "string",
                        "description": "operation_group_code",
                        "name": "operation_group_code",
                        "in": "query"
                    },
                    {
                        "type": "string",
                        "description": "operation_group_description",
                        "name": "operation_group_description",
                        "in": "query"
                    },
                    {
                        "enum": [
                            "true",
                            "false"
                        ],
                        "type": "string",
                        "description": "is_active",
                        "name": "is_active",
                        "in": "query"
                    },
                    {
                        "type": "string",
                        "description": "sort_of",
                        "name": "sort_of",
                        "in": "query"
                    },
                    {
                        "type": "string",
                        "description": "sort_by",
                        "name": "sort_by",
                        "in": "query"
                    }
                ],
                "responses": {
                    "200": {
                        "description": "OK",
                        "schema": {
                            "$ref": "#/definitions/payloads.Response"
                        }
                    },
                    "400": {
                        "description": "Bad Request",
                        "schema": {
                            "$ref": "#/definitions/exceptions.Error"
                        }
                    },
                    "401": {
                        "description": "Unauthorized",
                        "schema": {
                            "$ref": "#/definitions/exceptions.Error"
                        }
                    },
                    "403": {
                        "description": "Forbidden",
                        "schema": {
                            "$ref": "#/definitions/exceptions.Error"
                        }
                    },
                    "404": {
                        "description": "Not Found",
                        "schema": {
                            "$ref": "#/definitions/exceptions.Error"
                        }
                    },
                    "422": {
                        "description": "Unprocessable Entity",
                        "schema": {
                            "$ref": "#/definitions/exceptions.Error"
                        }
                    },
                    "500": {
                        "description": "Internal Server Error",
                        "schema": {
                            "$ref": "#/definitions/exceptions.Error"
                        }
                    }
                }
            }
        },
        "/api/master/operation-section/": {
            "put": {
                "description": "REST API Operation Section",
                "consumes": [
                    "application/json"
                ],
                "produces": [
                    "application/json"
                ],
                "tags": [
                    "Operation Section"
                ],
                "summary": "Save Operation Section",
                "parameters": [
                    {
                        "description": "Form Request",
                        "name": "reqBody",
                        "in": "body",
                        "required": true,
                        "schema": {
                            "$ref": "#/definitions/masterpayloads.OperationSectionRequest"
                        }
                    }
                ],
                "responses": {
                    "200": {
                        "description": "OK",
                        "schema": {
                            "$ref": "#/definitions/payloads.Response"
                        }
                    },
                    "400": {
                        "description": "Bad Request",
                        "schema": {
                            "$ref": "#/definitions/exceptions.Error"
                        }
                    },
                    "401": {
                        "description": "Unauthorized",
                        "schema": {
                            "$ref": "#/definitions/exceptions.Error"
                        }
                    },
                    "403": {
                        "description": "Forbidden",
                        "schema": {
                            "$ref": "#/definitions/exceptions.Error"
                        }
                    },
                    "404": {
                        "description": "Not Found",
                        "schema": {
                            "$ref": "#/definitions/exceptions.Error"
                        }
                    },
                    "422": {
                        "description": "Unprocessable Entity",
                        "schema": {
                            "$ref": "#/definitions/exceptions.Error"
                        }
                    },
                    "500": {
                        "description": "Internal Server Error",
                        "schema": {
                            "$ref": "#/definitions/exceptions.Error"
                        }
                    }
                }
            }
        },
        "/api/master/operation-section/section-description": {
            "get": {
                "description": "REST API Operation Section",
                "consumes": [
                    "application/json"
                ],
                "produces": [
                    "application/json"
                ],
                "tags": [
                    "Operation Section"
                ],
                "summary": "Get Operation Section Name",
                "parameters": [
                    {
                        "type": "string",
                        "description": "operation_section_code",
                        "name": "operation_section_code",
                        "in": "query",
                        "required": true
                    },
                    {
                        "type": "string",
                        "description": "operation_group_code",
                        "name": "operation_group_code",
                        "in": "query",
                        "required": true
                    }
                ],
                "responses": {
                    "200": {
                        "description": "OK",
                        "schema": {
                            "$ref": "#/definitions/payloads.Response"
                        }
                    },
                    "400": {
                        "description": "Bad Request",
                        "schema": {
                            "$ref": "#/definitions/exceptions.Error"
                        }
                    },
                    "401": {
                        "description": "Unauthorized",
                        "schema": {
                            "$ref": "#/definitions/exceptions.Error"
                        }
                    },
                    "403": {
                        "description": "Forbidden",
                        "schema": {
                            "$ref": "#/definitions/exceptions.Error"
                        }
                    },
                    "404": {
                        "description": "Not Found",
                        "schema": {
                            "$ref": "#/definitions/exceptions.Error"
                        }
                    },
                    "422": {
                        "description": "Unprocessable Entity",
                        "schema": {
                            "$ref": "#/definitions/exceptions.Error"
                        }
                    },
                    "500": {
                        "description": "Internal Server Error",
                        "schema": {
                            "$ref": "#/definitions/exceptions.Error"
                        }
                    }
                }
            }
        },
        "/api/master/operation-section/{operation_section_id}": {
            "get": {
                "description": "REST API Operation Section",
                "consumes": [
                    "application/json"
                ],
                "produces": [
                    "application/json"
                ],
                "tags": [
                    "Operation Section"
                ],
                "summary": "Get Operation Section By ID",
                "parameters": [
                    {
                        "type": "string",
                        "description": "operation_section_id",
                        "name": "operation_section_id",
                        "in": "path",
                        "required": true
                    }
                ],
                "responses": {
                    "200": {
                        "description": "OK",
                        "schema": {
                            "$ref": "#/definitions/payloads.Response"
                        }
                    },
                    "400": {
                        "description": "Bad Request",
                        "schema": {
                            "$ref": "#/definitions/exceptions.Error"
                        }
                    },
                    "401": {
                        "description": "Unauthorized",
                        "schema": {
                            "$ref": "#/definitions/exceptions.Error"
                        }
                    },
                    "403": {
                        "description": "Forbidden",
                        "schema": {
                            "$ref": "#/definitions/exceptions.Error"
                        }
                    },
                    "404": {
                        "description": "Not Found",
                        "schema": {
                            "$ref": "#/definitions/exceptions.Error"
                        }
                    },
                    "422": {
                        "description": "Unprocessable Entity",
                        "schema": {
                            "$ref": "#/definitions/exceptions.Error"
                        }
                    },
                    "500": {
                        "description": "Internal Server Error",
                        "schema": {
                            "$ref": "#/definitions/exceptions.Error"
                        }
                    }
                }
            },
            "patch": {
                "description": "REST API Operation Section",
                "consumes": [
                    "application/json"
                ],
                "produces": [
                    "application/json"
                ],
                "tags": [
                    "Operation Section"
                ],
                "summary": "Change Status Operation Section",
                "parameters": [
                    {
                        "type": "string",
                        "description": "operation_section_id",
                        "name": "operation_section_id",
                        "in": "path",
                        "required": true
                    }
                ],
                "responses": {
                    "200": {
                        "description": "OK",
                        "schema": {
                            "$ref": "#/definitions/payloads.Response"
                        }
                    },
                    "400": {
                        "description": "Bad Request",
                        "schema": {
                            "$ref": "#/definitions/exceptions.Error"
                        }
                    },
                    "401": {
                        "description": "Unauthorized",
                        "schema": {
                            "$ref": "#/definitions/exceptions.Error"
                        }
                    },
                    "403": {
                        "description": "Forbidden",
                        "schema": {
                            "$ref": "#/definitions/exceptions.Error"
                        }
                    },
                    "404": {
                        "description": "Not Found",
                        "schema": {
                            "$ref": "#/definitions/exceptions.Error"
                        }
                    },
                    "422": {
                        "description": "Unprocessable Entity",
                        "schema": {
                            "$ref": "#/definitions/exceptions.Error"
                        }
                    },
                    "500": {
                        "description": "Internal Server Error",
                        "schema": {
                            "$ref": "#/definitions/exceptions.Error"
                        }
                    }
                }
            }
        },
        "/api/transaction/supply-slip/{supply_system_number}": {
            "get": {
                "description": "REST API Supply Slip",
                "consumes": [
                    "application/json"
                ],
                "produces": [
                    "application/json"
                ],
                "tags": [
                    "Supply Slip"
                ],
                "summary": "Get Supply Slip By ID",
                "parameters": [
                    {
                        "type": "string",
                        "description": "supply_system_number",
                        "name": "supply_system_number",
                        "in": "path",
                        "required": true
                    }
                ],
                "responses": {
                    "200": {
                        "description": "OK",
                        "schema": {
                            "$ref": "#/definitions/payloads.Response"
                        }
                    },
                    "400": {
                        "description": "Bad Request",
                        "schema": {
                            "$ref": "#/definitions/exceptions.Error"
                        }
                    },
                    "401": {
                        "description": "Unauthorized",
                        "schema": {
                            "$ref": "#/definitions/exceptions.Error"
                        }
                    },
                    "403": {
                        "description": "Forbidden",
                        "schema": {
                            "$ref": "#/definitions/exceptions.Error"
                        }
                    },
                    "404": {
                        "description": "Not Found",
                        "schema": {
                            "$ref": "#/definitions/exceptions.Error"
                        }
                    },
                    "422": {
                        "description": "Unprocessable Entity",
                        "schema": {
                            "$ref": "#/definitions/exceptions.Error"
                        }
                    },
                    "500": {
                        "description": "Internal Server Error",
                        "schema": {
                            "$ref": "#/definitions/exceptions.Error"
                        }
                    }
                }
            }
        },
        "/master/save-booking-estimation": {
            "post": {
                "security": [
                    {
                        "BearerAuth": []
                    }
                ],
                "description": "Save Booking Estimation",
                "consumes": [
                    "application/json"
                ],
                "produces": [
                    "application/json"
                ],
                "tags": [
                    "Master : Booking Estimation"
                ],
                "summary": "Save Booking Estimation",
                "parameters": [
                    {
                        "description": "Form Request",
                        "name": "reqBody",
                        "in": "body",
                        "required": true,
                        "schema": {
                            "$ref": "#/definitions/masterpayloads.SaveBookingEstimationRequest"
                        }
                    }
                ],
                "responses": {
                    "200": {
                        "description": "OK",
                        "schema": {
                            "$ref": "#/definitions/payloads.Response"
                        }
                    },
                    "400": {
                        "description": "Bad Request",
                        "schema": {
                            "$ref": "#/definitions/exceptions.Error"
                        }
                    },
                    "401": {
                        "description": "Unauthorized",
                        "schema": {
                            "$ref": "#/definitions/exceptions.Error"
                        }
                    },
                    "403": {
                        "description": "Forbidden",
                        "schema": {
                            "$ref": "#/definitions/exceptions.Error"
                        }
                    },
                    "404": {
                        "description": "Not Found",
                        "schema": {
                            "$ref": "#/definitions/exceptions.Error"
                        }
                    },
                    "422": {
                        "description": "Unprocessable Entity",
                        "schema": {
                            "$ref": "#/definitions/exceptions.Error"
                        }
                    },
                    "500": {
                        "description": "Internal Server Error",
                        "schema": {
                            "$ref": "#/definitions/exceptions.Error"
                        }
                    }
                }
            }
        }
    },
    "definitions": {
        "exceptions.Error": {
            "type": "object",
            "properties": {
                "Data": {},
                "Message": {
                    "type": "string"
                },
                "Success": {
                    "type": "boolean"
                }
            }
        },
        "masterpayloads.OperationGroupHeader": {
            "type": "object",
            "properties": {
                "is_active": {
                    "type": "boolean"
                },
                "operation_group_code": {
                    "type": "string"
                },
                "operation_group_description": {
                    "type": "string"
                },
                "operation_group_id": {
                    "type": "integer"
                }
            }
        },
        "masterpayloads.OperationSectionRequest": {
            "type": "object",
            "properties": {
                "is_active": {
                    "type": "boolean"
                },
                "operation_group_id": {
                    "type": "integer"
                },
                "operation_section_code": {
                    "type": "string"
                },
                "operation_section_description": {
                    "type": "string"
                },
                "operation_section_id": {
                    "type": "integer"
                }
            }
        },
        "masterpayloads.SaveBookingEstimationRequest": {
            "type": "object",
            "properties": {
                "agreement_id": {
                    "type": "integer"
                },
                "agreement_number_br": {
                    "type": "string"
                },
                "batch_system_number": {
                    "type": "integer"
                },
                "booking_estimation_batch_date": {
                    "type": "string"
                },
                "booking_estimation_vehicle_number": {
                    "type": "string"
                },
                "booking_system_number": {
                    "type": "integer"
                },
                "brand_id": {
                    "type": "integer"
                },
                "campaign_id": {
                    "type": "integer"
                },
                "company_id": {
                    "type": "integer"
                },
                "contact_person_mobile": {
                    "type": "string"
                },
                "contact_person_name": {
                    "type": "string"
                },
                "contact_person_phone": {
                    "type": "string"
                },
                "contact_person_via": {
                    "type": "string"
                },
                "contract_system_number": {
                    "type": "integer"
                },
                "customer_id": {
                    "type": "integer"
                },
                "dealer_representative_id": {
                    "type": "integer"
                },
                "document_status_id": {
                    "type": "integer"
                },
                "estimation_system_number": {
                    "type": "integer"
                },
                "insurance_claim_no": {
                    "type": "string"
                },
                "insurance_expired_date": {
                    "type": "string"
                },
                "insurance_pic": {
                    "type": "string"
                },
                "insurance_policy_no": {
                    "type": "string"
                },
                "is_unregistered": {
                    "type": "string"
                },
                "model_id": {
                    "type": "integer"
                },
                "pdi_system_number": {
                    "type": "integer"
                },
                "profit_center_id": {
                    "type": "integer"
                },
                "system_request_system_number": {
                    "type": "integer"
                },
                "variant_id": {
                    "type": "integer"
                },
                "vehicle_id": {
                    "type": "integer"
                }
            }
        },
        "payloads.Response": {
            "type": "object",
            "properties": {
                "data": {},
                "message": {
                    "type": "string"
                },
                "status_code": {
                    "type": "integer"
                }
            }
        }
    }
}